Code,Basin,Short Name,Recoveries,,
2M BMP025CATA IS 13,NWVI,BC MARCATA IS (25-13),1,,
2M BMP025CENT IS 13,NWVI,BC MARCENT IS (25-13),1,,
2M BMM403 000,NWVI,BC MARINE M403-000,31,,
2M BMP126,NWVI,BC MARINE P126,13,,
2M BMP126KYUQUOT,NWVI,BC MARKYUQUOT (P126),1,,
2M BMP127LAWN PT,NWVI,BC MARLAWN PT (P127),1,,
2M BMP027LIPP PT 03,NWVI,BC MARLIPP PT (27-3),1,,
2F 290FW CONU RI,NWVI,FWSPT CONU RI [FW],3,,
2F 290FW WAUK CK,NWVI,FWSPT WAUK CK [FW],2,,
2F 290FW ZEBA RI,NWVI,FWSPT ZEBA RI [FW],4,,
2FS99NWVIH0117,NWVI,H-CONUMA R,4338,,
2MS01H025 000,NWVI,NWTR H025-000,10673,,
2MS01H025 067,NWVI,NWTR H025-067,3973,,
2MS01H026 000,NWVI,NWTR H026-000,27000,,
2MS01H026 094,NWVI,NWTR H026-094,3876,,
2MS01H026 528,NWVI,NWTR H026-528,92,,
2MS01H026 758,NWVI,NWTR H026-758,14,,
2MS01H026 760,NWVI,NWTR H026-760,51,,
2MS01H026 761,NWVI,NWTR H026-761,33,,
2MS01H026 762,NWVI,NWTR H026-762,2,,
2MS01H026 801,NWVI,NWTR H026-801,113,,
2MS01H026 802,NWVI,NWTR H026-802,6,,
2MS01H027 000,NWVI,NWTR H027-000,17808,,
2MS01H027 069,NWVI,NWTR H027-069,2298,,
2MS01H027 070,NWVI,NWTR H027-070,6194,,
2MS01H027 071,NWVI,NWTR H027-071,2286,,
2MS01H027 112,NWVI,NWTR H027-112,2974,,
2MS01H027 184,NWVI,NWTR H027-184,492,,
2MS01H027 247,NWVI,NWTR H027-247,802,,
2MS01H027 248,NWVI,NWTR H027-248,855,,
2MS01H027 249,NWVI,NWTR H027-249,8,,
2MS01H027 529,NWVI,NWTR H027-529,36,,
2MS01H027 530,NWVI,NWTR H027-530,1073,,
2MS01H027 531,NWVI,NWTR H027-531,49,,
2MS01H027 532,NWVI,NWTR H027-532,14,,
2MS01H027 533,NWVI,NWTR H027-533,154,,
2MS01H027 624,NWVI,NWTR H027-624,4,,
2MS01H027 764,NWVI,NWTR H027-764,305,,
2MS01H027 765,NWVI,NWTR H027-765,306,,
2MS01H027 766,NWVI,NWTR H027-766,1426,,
2MS01H027 767,NWVI,NWTR H027-767,59,,
2MS01H027 768,NWVI,NWTR H027-768,35,,
2MS01H027 811,NWVI,NWTR H027-811,123,,
2MS01H027 815,NWVI,NWTR H027-815,59,,
2MS01H027 816,NWVI,NWTR H027-816,23,,
2MS01M052 000,NWVI,NWTR M052-000,1475,,
2MS01M120 000,NWVI,NWTR M120-000,1917,,
2MS01M120 374,NWVI,NWTR M120-374,1345,,
2MS01M120 757,NWVI,NWTR M120-757,446,,
2MS01M120 759,NWVI,NWTR M120-759,1846,,
2MS01M120 807,NWVI,NWTR M120-807,22,,
2MS01M120 808,NWVI,NWTR M120-808,16,,
2MS01M120 809,NWVI,NWTR M120-809,146,,
2MS01M121 000,NWVI,NWTR M121-000,3066,,
2MS01M121 817,NWVI,NWTR M121-817,2,,
2MS01M140 000,NWVI,NWTR M140-000,94,,
2MS01M140 325,NWVI,NWTR M140-325,88,,
2MS01M140 382,NWVI,NWTR M140-382,3,,
2MS01M403 000,NWVI,NWTR M403-000,3704,,
2MS01P025 000,NWVI,NWTR P025-000,8,,
2MS01P026 000,NWVI,NWTR P026-000,17,,
2MS01P027 000,NWVI,NWTR P027-000,101,,
2MS01P126 000,NWVI,NWTR P126-000,850,,
2MS01P127 000,NWVI,NWTR P127-000,3521,,
2MS20H025 000,NWVI,NWVN H025-000,320,,
2MS20H025 434,NWVI,NWVN H025-434,1,,
2MS20H025 438,NWVI,NWVN H025-438,138,,
2MS20H025 597,NWVI,NWVN H025-597,9,,
2MS20H025 598,NWVI,NWVN H025-598,59,,
2MS20H025 650,NWVI,NWVN H025-650,8,,
2MS20H025 652,NWVI,NWVN H025-652,9,,
2MS20H025 653,NWVI,NWVN H025-653,9,,
2MS20H025 655,NWVI,NWVN H025-655,16,,
2MS20H025 656,NWVI,NWVN H025-656,3,,
2MS20H025 657,NWVI,NWVN H025-657,5,,
2MS20H025 678,NWVI,NWVN H025-678,2,,
2MS20H025 684,NWVI,NWVN H025-684,17,,
2MS20H025 685,NWVI,NWVN H025-685,3,,
2MS20H025 687,NWVI,NWVN H025-687,2,,
2MS20H025 702,NWVI,NWVN H025-702,6,,
2MS20H025 703,NWVI,NWVN H025-703,7,,
2MS20H025 704,NWVI,NWVN H025-704,10,,
2MS20H025 711,NWVI,NWVN H025-711,1,,
2MS20H026 000,NWVI,NWVN H026-000,25,,
2MS20H026 094,NWVI,NWVN H026-094,33,,
2MS20H027 000,NWVI,NWVN H027-000,281,,
2MS20H027 070,NWVI,NWVN H027-070,49,,
2MS20H027 112,NWVI,NWVN H027-112,5,,
2MS20M120 000,NWVI,NWVN M120-000,46,,
2MS20M121 000,NWVI,NWVN M121-000,48,,
2MS20P025 000,NWVI,NWVN P025-000,4,,
2FS99NWVIR0088,NWVI,R-CANTON CR,183,,
2FS99NWVIR1381,NWVI,R-CONUMA EST,13,,
2FS99NWVIR0117,NWVI,R-CONUMA R,4191,,
2FS99NWVIR0030,NWVI,R-GOLD R,32,,
2FS99NWVIR1626,NWVI,R-GOODSPEED R,289,,
2FS99NWVIR1340,NWVI,R-LEINER R,24,,
2FS99NWVIR0351,NWVI,R-MARBLE R,127,,
2FS99NWVIR0175,NWVI,R-STEPHENS CR,112,,
2FS99NWVIR0087,NWVI,R-SUCWOA R,178,,
2FS99NWVIR1339,NWVI,R-TAHSIS R,26,,
2FS99NWVIR0086,NWVI,R-TLUPANA R,142,,
2MN57H011 497,NWVI,SCTR H011-497,240,,
2MSTNH026 801,NWVI,TAAQN H026-801,18,,
2MSTNM120 759,NWVI,TAAQN M120-759,13,,
2MSTNM403 000,NWVI,TAAQN M403-000,331,,
2MSTNP026 000,NWVI,TAAQN P026-000,25,,
2MSTNP126 000,NWVI,TAAQN P126-000,333,,
2MS27P026AMAI IN 03,NWVI,WSPT AMAI IN (26-3),1,,
2MS27P025ARGO PT 04,NWVI,WSPT ARGO PT (25-4),25,,
2MS27P125BAJO PT 02,NWVI,WSPT BAJO PT (125-2),10,,
2MS27H025BAJO PT,NWVI,WSPT BAJO PT [H025],2,,
2MS27P025BAJO PT,NWVI,WSPT BAJO PT (P025),1,,
2MS27P125BAJO RF 02,NWVI,WSPT BAJO RF (125-2),1149,,
2MS27H025BAJO RF,NWVI,WSPT BAJO RF [H025],35,,
2MS27P025BLAC RK 13,NWVI,WSPT BLAC RK (25-13),77,,
2MS27P125BLAC RK,NWVI,WSPT BLAC RK (P125),17,,
2MS27P025BLIG IS 15,NWVI,WSPT BLIG IS (25-15),28,,
2MS27P025BLIN RF,NWVI,WSPT BLIN RF (P025),6,,
2MS27P025BOST PT 06,NWVI,WSPT BOST PT (25-6),12,,
2MS27P027BRCK IS 07,NWVI,WSPT BRCK IS (27-7),1,,
2MS27H027BROO BO,NWVI,WSPT BROO BO [H027],111,,
2MS27P027BROO BY 04,NWVI,WSPT BROO BY (27-4),48,,
2MS27P127BROO BY,NWVI,WSPT BROO BY (P127),204,,
2MS27P126BROO PN,NWVI,WSPT BROO PN (P126),6,,
2MS27P026CACH IN 03,NWVI,WSPT CACH IN (26-3),1,,
2MS27P025CAME RK 04,NWVI,WSPT CAME RK (25-4),244,,
2MS27P025CANA IS 13,NWVI,WSPT CANA IS (25-13),21,,
2MS27H025CATA IO,NWVI,WSPT CATA IO [H025],2,,
2MS27P025CATA IS 13,NWVI,WSPT CATA IS (25-13),420,,
2MS27P125CATA IS,NWVI,WSPT CATA IS (P125),154,,
2MS27P025CEEPEEC 09,NWVI,WSPT CEEPEEC (25-9),14,,
2MS27P025CENT IS 13,NWVI,WSPT CENT IS (25-13),44,,
2MS27H025CENT IS,NWVI,WSPT CENT IS [H025],13,,
2MS27P126CLER PT 11,NWVI,WSPT CLER PT (26-11),1,,
2MS27P027CLIF PT 02,NWVI,WSPT CLIF PT (27-2),346,,
2MS27P027COAL HA 11,NWVI,WSPT COAL HA (27-11),5,,
2MS27P025COHE PT 04,NWVI,WSPT COHE PT (25-4),4,,
2MS27P025CONC PT 04,NWVI,WSPT CONC PT (25-4),4,,
2MS27P025COOK CH 06,NWVI,WSPT COOK CH (25-6),14,,
2MS27H025COOK CH,NWVI,WSPT COOK CH [H025],9,,
2MS27P025COUG CR 04,NWVI,WSPT COUG CR (25-4),117,,
2MS27H027CP COOK 11,NWVI,WSPT CP COOK [26-11],2,,
2MS27P127CP SCTO 03,NWVI,WSPT CP SCTO (127-3),12,,
2MS27P027CP SCTT 01,NWVI,WSPT CP SCTT (27-1),1,,
2MS27P025CRIT CV 04,NWVI,WSPT CRIT CV (25-4),36,,
2MS27H025CRIT CV,NWVI,WSPT CRIT CV [H025],3,,
2MS27P025DESC PT 04,NWVI,WSPT DESC PT (25-4),2,,
2MS27P025DISC PT 06,NWVI,WSPT DISC PT (25-6),47,,
2MS27H025DISC PT,NWVI,WSPT DISC PT [H025],3,,
2MS27P125DISC PT,NWVI,WSPT DISC PT (P125),6,,
2MS27P025DOBL IS 13,NWVI,WSPT DOBL IS (25-13),17,,
2MS27H025DOBL IS,NWVI,WSPT DOBL IS [H025],1,,
2MS27P027DRAK IS 07,NWVI,WSPT DRAK IS (27-7),4,,
2MS27P026EELS PS 05,NWVI,WSPT EELS PS (26-5),1,,
2MS27P025ENTR RF 13,NWVI,WSPT ENTR RF (25-13),2,,
2MS27P025ESPE IN 13,NWVI,WSPT ESPE IN (25-13),185,,
2MS27P125ESPE IN,NWVI,WSPT ESPE IN (P125),182,,
2MS27H025ESPE IO,NWVI,WSPT ESPE IO [H025],114,,
2MS27P125ESTE PT 05,NWVI,WSPT ESTE PT (125-5),10,,
2MS27P124ESTE PT,NWVI,WSPT ESTE PT (P124),3,,
2MS27P026FAIR HA 04,NWVI,WSPT FAIR HA (26-4),12,,
2MS27H026FAVO EN,NWVI,WSPT FAVO EN [H026],1,,
2MS27H025FERR PO,NWVI,WSPT FERR PO [H025],4,,
2MS27P125FERR PT 03,NWVI,WSPT FERR PT (125-3),175,,
2MS27P025FERR PT,NWVI,WSPT FERR PT (P025),443,,
2MS27H025FRIE CU,NWVI,WSPT FRIE CU [H025],1,,
2MS27P025GALI BY 04,NWVI,WSPT GALI BY (25-4),20,,
2MS27P025GARD PT 13,NWVI,WSPT GARD PT (25-13),18,,
2MS27H025GARD PT,NWVI,WSPT GARD PT [H025],6,,
2MS27P027GILL IS 02,NWVI,WSPT GILL IS (27-2),3,,
2MS27P127GOOD CO,NWVI,WSPT GOOD CO (P127),1,,
2MS27P026GRAS IS 01,NWVI,WSPT GRAS IS (26-1),21,,
2MS27P126GRAS IS,NWVI,WSPT GRAS IS (P126),18,,
2MS27P026GREE HD 07,NWVI,WSPT GREE HD (26-7),2,,
2MS27P027GRNT BY 02,NWVI,WSPT GRNT BY (27-2),74,,
2MS27H027GRNT BY,NWVI,WSPT GRNT BY [H027],3,,
2MS27H025,NWVI,WSPT H025,274,,
2MS27H026,NWVI,WSPT H026,70,,
2MS27H027,NWVI,WSPT H027,217,,
2MS27P025HANN CH 04,NWVI,WSPT HANN CH (25-4),45,,
2MS27P027HARV CV 02,NWVI,WSPT HARV CV (27-2),16,,
2MS27P025HEAD BY 05,NWVI,WSPT HEAD BY (25-5),2,,
2MS27P025HECA CH 09,NWVI,WSPT HECA CH (25-9),4,,
2MS27P025HIGH RK 13,NWVI,WSPT HIGH RK (25-13),21,,
2MS27P025HISN IN 04,NWVI,WSPT HISN IN (25-4),40,,
2MS27P025HOIS PT 04,NWVI,WSPT HOIS PT (25-4),230,,
2MS27P027HOLBERG 11,NWVI,WSPT HOLBERG (27-11),1,,
2MS27P027HUGH RK 04,NWVI,WSPT HUGH RK (27-4),2,,
2MS27P027HUNT IT 02,NWVI,WSPT HUNT IT (27-2),1,,
2MS27H027KAIN IO,NWVI,WSPT KAIN IO [H027],19,,
2MS27P027KAIN IS 02,NWVI,WSPT KAIN IS (27-2),556,,
2MS27H027KAIN IS,NWVI,WSPT KAIN IS [H027],4,,
2MS27P127KAIN IS,NWVI,WSPT KAIN IS (P127),108,,
2MS27H027KAIN PO,NWVI,WSPT KAIN PO [H027],1,,
2MS27P027KAIN PT 02,NWVI,WSPT KAIN PT (27-2),7,,
2MS27H027KAIN PT,NWVI,WSPT KAIN PT [H027],6,,
2MS27P127KAIN PT,NWVI,WSPT KAIN PT (P127),3,,
2MS27P025KEND IN 06,NWVI,WSPT KEND IN (25-6),1,,
2MS27P027KOSK BY 07,NWVI,WSPT KOSK BY (27-7),4,,
2MS27H027KWAK PT,NWVI,WSPT KWAK PT [H027],7,,
2MS27P126KYOQ RF 01,NWVI,WSPT KYOQ RF (126-1),1398,,
2MS27P026KYUQ SD 01,NWVI,WSPT KYUQ SD (26-1),64,,
2MS27P126KYUQ SD,NWVI,WSPT KYUQ SD (P126),62,,
2MS27P126KYUQ SO 01,NWVI,WSPT KYUQ SO (126-1),527,,
2MS27P126KYUQUOO 01,NWVI,WSPT KYUQUOO (126-1),490,,
2MS27P026KYUQUOT 06,NWVI,WSPT KYUQUOT (26-6),194,,
2MS27H026KYUQUOT,NWVI,WSPT KYUQUOT [H026],50,,
2MS27P126KYUQUOT,NWVI,WSPT KYUQUOT (P126),1329,,
2MS27P127LAWN PO 01,NWVI,WSPT LAWN PO (127-1),48,,
2MS27P027LAWN PT 05,NWVI,WSPT LAWN PT (27-5),24,,
2MS27P127LAWN PT,NWVI,WSPT LAWN PT (P127),100,,
2MS27H027LIPP PO,NWVI,WSPT LIPP PO [H027],99,,
2MS27P027LIPP PT 03,NWVI,WSPT LIPP PT (27-3),232,,
2MS27H027LIPP PT,NWVI,WSPT LIPP PT [H027],28,,
2MS27P127LIPP PT,NWVI,WSPT LIPP PT (P127),309,,
2MS27H025LOW RK,NWVI,WSPT LOW RK [H025],23,,
2MS27P125LOW RK,NWVI,WSPT LOW RK (P125),13,,
2MS27H025LOW RO,NWVI,WSPT LOW RO [H025],15,,
2MS27M120,NWVI,WSPT M120,11,,
2MS27M403,NWVI,WSPT M403,11,,
2MS27P027MAHA RV 07,NWVI,WSPT MAHA RV (27-7),3,,
2MS27H027MCAL IT,NWVI,WSPT MCAL IT [H027],3,,
2MS27P026MCLE CV 02,NWVI,WSPT MCLE CV (26-2),1,,
2MS27P027MOND RK 07,NWVI,WSPT MOND RK (27-7),1,,
2MS27P025MOUT BY 05,NWVI,WSPT MOUT BY (25-5),18,,
2MS27P027NERO IN 08,NWVI,WSPT NERO IN (27-8),3,,
2MS27P025NESO RV 05,NWVI,WSPT NESO RV (25-5),7,,
2MS27H025NOOT IO,NWVI,WSPT NOOT IO [H025],2,,
2MS27P025NOOT IS 14,NWVI,WSPT NOOT IS (25-14),301,,
2MS27H025NOOT IS 14,NWVI,WSPT NOOT IS [25-14],20,,
2MS27H025NOOT IS,NWVI,WSPT NOOT IS [H025],169,,
2MS27P125NOOT IS,NWVI,WSPT NOOT IS (P125),137,,
2MS27P125NOOT SO 01,NWVI,WSPT NOOT SO (125-1),128,,
2MS27P025NUCH IN 14,NWVI,WSPT NUCH IN (25-14),103,,
2MS27P125NUCH IN,NWVI,WSPT NUCH IN (P125),5,,
2MS27P025,NWVI,WSPT P025,808,,
2MS27P026,NWVI,WSPT P026,323,,
2MS27P027,NWVI,WSPT P027,1143,,
2MS27P126,NWVI,WSPT P126,2579,,
2MS27P127,NWVI,WSPT P127,1618,,
2MS27P027PEND PT 08,NWVI,WSPT PEND PT (27-8),2,,
2MS27H027PEND PT,NWVI,WSPT PEND PT [H027],5,,
2MS27P025PIN RK 13,NWVI,WSPT PIN RK (25-13),188,,
2MS27P125PIN RK,NWVI,WSPT PIN RK (P125),33,,
2MS27H025PIN RO,NWVI,WSPT PIN RO [H025],3,,
2MS27P027PR ALIC 08,NWVI,WSPT PR ALIC (27-8),6,,
2MS27H027PR ALIC,NWVI,WSPT PR ALIC [H027],1,,
2MS27P025PR ELZA 12,NWVI,WSPT PR ELZA (25-12),7,,
2MS27P025P RO PT 04,NWVI,WSPT P RO PT (25-4),10,,
2MS27P027QUAT NA 09,NWVI,WSPT QUAT NA (27-9),84,,
2MS27P027QUAT SD 02,NWVI,WSPT QUAT SD (27-2),269,,
2MS27H027QUATSIN,NWVI,WSPT QUATSIN [H027],31,,
2MS27H027QUAT SO,NWVI,WSPT QUAT SO [H027],15,,
2MS27P027REST BI 02,NWVI,WSPT REST BI (27-2),1,,
2MS27H027REST BO,NWVI,WSPT REST BO [H027],1,,
2MS27H025ROSA IO,NWVI,WSPT ROSA IO [H025],1,,
2MS27P025ROSA IS 13,NWVI,WSPT ROSA IS (25-13),160,,
2MS27P026RUGG PT 01,NWVI,WSPT RUGG PT (26-1),27,,
2MS27H026RUGG PT,NWVI,WSPT RUGG PT [H026],1,,
2MS27P027RUPE IN 10,NWVI,WSPT RUPE IN (27-10),85,,
2MS27P025SAAV IS 06,NWVI,WSPT SAAV IS (25-6),6,,
2MS27P025SALT PT 04,NWVI,WSPT SALT PT (25-4),9,,
2MS27H025SALT PT,NWVI,WSPT SALT PT [H025],1,,
2MS27P025SANT CV 06,NWVI,WSPT SANT CV (25-6),14,,
2MS27P027SEAO CV 02,NWVI,WSPT SEAO CV (27-2),1,,
2MS27P025SN C PT 04,NWVI,WSPT SN C PT (25-4),83,,
2MS27P127SOLA IS 02,NWVI,WSPT SOLA IS (127-2),10,,
2MS27P026SOLA IS,NWVI,WSPT SOLA IS (P026),1,,
2MS27P026SPRI IS 01,NWVI,WSPT SPRI IS (26-1),355,,
2MS27H026SPRI IS,NWVI,WSPT SPRI IS [H026],20,,
2MS27P126SPRI IS,NWVI,WSPT SPRI IS (P126),21,,
2MS27P025STEA PT 09,NWVI,WSPT STEA PT (25-9),5,,
2MS27H025STEA PT,NWVI,WSPT STEA PT [H025],2,,
2MS27P025STRA IS 04,NWVI,WSPT STRA IS (25-4),47,,
2MS27P025TAHS GR 08,NWVI,WSPT TAHS GR (25-8),3,,
2MS27P025TAHS IN 08,NWVI,WSPT TAHS IN (25-8),17,,
2MS27P025TAHSIS 16,NWVI,WSPT TAHSIS (25-16),120,,
2MS27H025TAHSIS,NWVI,WSPT TAHSIS [H025],22,,
2MS27P025TAHS NA 08,NWVI,WSPT TAHS NA (25-8),8,,
2MS27H025TATC PO,NWVI,WSPT TATC PO [H025],1,,
2MS27H025TATC PT,NWVI,WSPT TATC PT [H025],1,,
2MS27P125TATC PT,NWVI,WSPT TATC PT (P125),54,,
2MS27P126TATC PT,NWVI,WSPT TATC PT (P126),6,,
2MS27P026THRN IS 01,NWVI,WSPT THRN IS (26-1),57,,
2MS27H026THRN IS,NWVI,WSPT THRN IS [H026],6,,
2MS27P026THSI IN 04,NWVI,WSPT THSI IN (26-4),5,,
2MS27P025THSI IN,NWVI,WSPT THSI IN (P025),45,,
2MS27P025TLUP IN 04,NWVI,WSPT TLUP IN (25-4),92,,
2MS27H027TOPK PO,NWVI,WSPT TOPK PO [H027],15,,
2MS27P127TOPK PT,NWVI,WSPT TOPK PT (P127),166,,
2MS27P025TSOW NA 08,NWVI,WSPT TSOW NA (25-8),4,,
2MS27H025TWFIVEI,NWVI,WSPT TWFIVEI [H025],43,,
2MS27P125TWIN PK 05,NWVI,WSPT TWIN PK (125-5),11,,
2MS27P025TWNS IS 13,NWVI,WSPT TWNS IS (25-13),21,,
2MS27H025TWNS IS,NWVI,WSPT TWNS IS [H025],3,,
2MS27H027TWSEVEI,NWVI,WSPT TWSEVEI [H027],83,,
2MS27H027TWSEVEN,NWVI,WSPT TWSEVEN [H027],19,,
2MS27H027TWSEVEO,NWVI,WSPT TWSEVEO [H027],328,,
2MS27H026TWSIX,NWVI,WSPT TWSIX [H026],7,,
2MS27H026TWSIXI,NWVI,WSPT TWSIXI [H026],36,,
2MS27P126TWSIXO,NWVI,WSPT TWSIXO (P126),545,,
2MS27P025VILA IS 06,NWVI,WSPT VILA IS (25-6),1,,
2MS27P026WALT CV 06,NWVI,WSPT WALT CV (26-6),1,,
2MS27P126WALT CV,NWVI,WSPT WALT CV (P126),1,,
2MS27P027WAUK CK 10,NWVI,WSPT WAUK CK (27-10),2,,
2MS27P027WINT HA 03,NWVI,WSPT WINT HA (27-3),406,,
2MS27H027WINT HA,NWVI,WSPT WINT HA [H027],115,,
2MS27P127WINT HA,NWVI,WSPT WINT HA (P127),679,,
2MS27P127WINT HO 01,NWVI,WSPT WINT HO (127-1),203,,
2MS27P126YELL BF,NWVI,WSPT YELL BF (P126),1,,
2MS27P025ZEBALLO 10,NWVI,WSPT ZEBALLO (25-10),15,,
2MS27P125ZEBALLO,NWVI,WSPT ZEBALLO (P125),10,,
2MS27H025ZEBALOO,NWVI,WSPT ZEBALOO [H025],1,,
2MS27P025ZUCI CH 15,NWVI,WSPT ZUCI CH (25-15),5,,
2MS28M23AALBE CA 02,SWVI,ACSPT ALBE CA (23-2),24,,
2MS28M23AALBE HA 01,SWVI,ACSPT ALBE HA (23-1),128,,
2MS28M23AALBE IN 01,SWVI,ACSPT ALBE IN (23-1),352,,
2MS28M23ABILT PT 02,SWVI,ACSPT BILT PT (23-2),16,,
2MS28M23ABOY SCO 01,SWVI,ACSPT BOY SCO (23-1),26,,
2MS28M23ACHES CR 02,SWVI,ACSPT CHES CR (23-2),11,,
2MS28M23ACHIN CR 01,SWVI,ACSPT CHIN CR (23-1),1121,,
2MS28M23ACLUTESI 01,SWVI,ACSPT CLUTESI (23-1),1,,
2MS28M23ACOLE CR 02,SWVI,ACSPT COLE CR (23-2),30,,
2MS28M23ACOUS CR 01,SWVI,ACSPT COUS CR (23-1),61,,
2MS28M23ADUNS PT 01,SWVI,ACSPT DUNS PT (23-1),171,,
2MS28M23AFRAN RV 02,SWVI,ACSPT FRAN RV (23-2),343,,
2MS28M23AHOCK PT 02,SWVI,ACSPT HOCK PT (23-2),63,,
2MS28M23AHOLM IS 01,SWVI,ACSPT HOLM IS (23-1),65,,
2MS28M23AHOOK BY 02,SWVI,ACSPT HOOK BY (23-2),4,,
2MS28M23AHUNT MR 01,SWVI,ACSPT HUNT MR (23-1),19,,
2MS28M23ALONE PT 01,SWVI,ACSPT LONE PT (23-1),452,,
2MS28M23A,SWVI,ACSPT M23A,343,,
2MS28M23AMACK CR 01,SWVI,ACSPT MACK CR (23-1),169,,
2MS28M23ANAHM BY 02,SWVI,ACSPT NAHM BY (23-2),63,,
2MS28M23APOLL PT 01,SWVI,ACSPT POLL PT (23-1),120,,
2MS28M23APR ALBE 01,SWVI,ACSPT PR ALBE (23-1),397,,
2MS28M23ASOMA AB 01,SWVI,ACSPT SOMA AB (23-1),4,,
2MS28M23ASPRO NA 01,SWVI,ACSPT SPRO NA (23-1),128,,
2MS28M23ASTAM NA 01,SWVI,ACSPT STAM NA (23-1),9,,
2MS28M23ATNMI PT 02,SWVI,ACSPT TNMI PT (23-2),60,,
2MS28M23AUNDE CV 01,SWVI,ACSPT UNDE CV (23-1),136,,
2MS70M23A 000,SWVI,AIEO M23A-000,674,,
2MS70M23A 723,SWVI,AIEO M23A-723,369,,
2MSAFM23AALBE IN 01,SWVI,AIFSC ALBE IN (23-1),20,,
2MSAFM23ACLUTESI 01,SWVI,AIFSC CLUTESI (23-1),6,,
2MSAFM23APR ALBE 01,SWVI,AIFSC PR ALBE (23-1),2,,
2MSAFSMRVSOMA RI,SWVI,AIFSC SOMA RI [SMRV],27,,
2MSAIM23A 000,SWVI,AIGNEO M23A-000,2934,,
2MSAIM23A 054,SWVI,AIGNEO M23A-054,6,,
2MSAIM23A 519,SWVI,AIGNEO M23A-519,2,,
2MSAIM23A 723,SWVI,AIGNEO M23A-723,104,,
2M BMM23BBAMFIEL,SWVI,BC MARBAMFIEL (M23B),2,,
2M BMP020BEEC HD 05,SWVI,BC MARBEEC HD (20-5),1,,
2M BMM23ACHIN CR 01,SWVI,BC MARCHIN CR (23-1),1,,
2M BMP124HYSO BK 01,SWVI,BC MARHYSO BK (124-1),1,,
2M BMH021,SWVI,BC MARINE H021,1,,
2M BMH23B,SWVI,BC MARINE H23B,15,,
2M BMM053,SWVI,BC MARINE M053,1,,
2M BMM23B,SWVI,BC MARINE M23B,1,,
2M BMM401,SWVI,BC MARINE M401,5,,
2M BMM402,SWVI,BC MARINE M402,1,,
2M BMP024,SWVI,BC MARINE P024,1,,
2M BMP121,SWVI,BC MARINE P121,1,,
2M BMP123,SWVI,BC MARINE P123,4,,
2M BMP124,SWVI,BC MARINE P124,1,,
2M BMP124LONG BE 03,SWVI,BC MARLONG BE (124-3),1,,
2M BMP020OTTE PT 05,SWVI,BC MAROTTE PT (20-5),3,,
2M BMM23BPILL PT 06,SWVI,BC MARPILL PT (23-6),1,,
2M BMP124RAFA PT,SWVI,BC MARRAFA PT (P124),1,,
2M BMP020SN J PR 01,SWVI,BC MARSN J PR (20-1),1,,
2M BMM23BSWAL RK 07,SWVI,BC MARSWAL RK (23-7),1,,
2M BMP124WILF RK 03,SWVI,BC MARWILF RK (124-3),1,,
2MSMAM23BBARK SD 08,SWVI,FNMAA BARK SD (23-8),23,,
2F 290FW ASH RI,SWVI,FWSPT ASH RI [FW],1,,
2F 290FW CHAR CR,SWVI,FWSPT CHAR CR [FW],2,,
2F 290FW COLE CK,SWVI,FWSPT COLE CK [FW],3,,
2F 290FW GREA LK,SWVI,FWSPT GREA LK [FW],3,,
2F 290FW HARR CK,SWVI,FWSPT HARR CK [FW],1,,
2F 290FW KITS CK,SWVI,FWSPT KITS CK [FW],1,,
2F 290FW ROBE CK,SWVI,FWSPT ROBE CK [FW],5,,
2F 290FW SOMA RI,SWVI,FWSPT SOMA RI [FW],1,,
2F 29SMRVSOMA RI,SWVI,FWSPT SOMA RI [SMRV],536,,
2F 290FW SOOK RI,SWVI,FWSPT SOOK RI [FW],4,,
2F 290FW SPRO LK,SWVI,FWSPT SPRO LK [FW],8,,
2F 290FW SPRO RI,SWVI,FWSPT SPRO RI [FW],89,,
2F 290FW STAM RI,SWVI,FWSPT STAM RI [FW],1142,,
2F 29SMRVSTAM RI,SWVI,FWSPT STAM RI [SMRV],19,,
2FS99SWVIH0114,SWVI,H-NITINAT R,3125,,
2FS99SWVIH0104,SWVI,H-ROBERTSON CR,59453,,
2MS13P020 000,SWVI,JFN P020-000,25439,,
2MS13P020 093,SWVI,JFN P020-093,12683,,
2MS13P020 104,SWVI,JFN P020-104,6210,,
2MS13P020 174,SWVI,JFN P020-174,364,,
2MS13P020 175,SWVI,JFN P020-175,107,,
2MS13P020 513,SWVI,JFN P020-513,58,,
2MS13P020 514,SWVI,JFN P020-514,99,,
2MS13P020 515,SWVI,JFN P020-515,37,,
2MS13P020 649,SWVI,JFN P020-649,98,,
2MS24P020ALDR PT 05,SWVI,JFSPT ALDR PT (20-5),275,,
2MS24M19BALDR PT,SWVI,JFSPT ALDR PT (M19B),1,,
2MS24P020BECH BY 05,SWVI,JFSPT BECH BY (20-5),1128,,
2MS24M19BBECH BY,SWVI,JFSPT BECH BY (M19B),5,,
2MS24P020BEDF IS 05,SWVI,JFSPT BEDF IS (20-5),269,,
2MS24P020BEEC HD 05,SWVI,JFSPT BEEC HD (20-5),2901,,
2MS24P020BENT IS 05,SWVI,JFSPT BENT IS (20-5),12,,
2MS24M19BBENT IS,SWVI,JFSPT BENT IS (M19B),2,,
2MS24P020BONI PT,SWVI,JFSPT BONI PT (P020),6,,
2MS24P020BOTA BE 03,SWVI,JFSPT BOTA BE (20-3),7,,
2MS24P020CHEA MR 05,SWVI,JFSPT CHEA MR (20-5),46,,
2MS24P020CHUR IS 05,SWVI,JFSPT CHUR IS (20-5),557,,
2MS24M153CHUR IS,SWVI,JFSPT CHUR IS [M153],4,,
2MS24P020CHUR PT 05,SWVI,JFSPT CHUR PT (20-5),364,,
2MS24P020CMPR BY 05,SWVI,JFSPT CMPR BY (20-5),1439,,
2MS24P020CP CALR 05,SWVI,JFSPT CP CALR (20-5),4,,
2MS24P020CREY PT 05,SWVI,JFSPT CREY PT (20-5),7,,
2MS24P020CRIS PT 05,SWVI,JFSPT CRIS PT (20-5),65,,
2MS24P020CUDL PT 05,SWVI,JFSPT CUDL PT (20-5),6,,
2MS24P020CULL CR 01,SWVI,JFSPT CULL CR (20-1),48,,
2MS24P020DONA IS 05,SWVI,JFSPT DONA IS (20-5),85,,
2MS24P020EAST PO 02,SWVI,JFSPT EAST PO (20-2),118,,
2MS24P020FRAZ IS 05,SWVI,JFSPT FRAZ IS (20-5),17,,
2MS24P020FREN BE 04,SWVI,JFSPT FREN BE (20-4),10,,
2MS24P020GORD BE 05,SWVI,JFSPT GORD BE (20-5),2,,
2MS24P020HAMM RK 03,SWVI,JFSPT HAMM RK (20-3),1,,
2MS24P020IRON BY 05,SWVI,JFSPT IRON BY (20-5),8,,
2MS24P020JORD RV 04,SWVI,JFSPT JORD RV (20-4),6,,
2MS24P020KELP BD 05,SWVI,JFSPT KELP BD (20-5),11,,
2MS24P020LOGA CR 01,SWVI,JFSPT LOGA CR (20-1),610,,
2MS24P020MUIR CR 05,SWVI,JFSPT MUIR CR (20-5),348,,
2MS24P020MUIR PT 05,SWVI,JFSPT MUIR PT (20-5),3,,
2MS24P020OBRI PT 05,SWVI,JFSPT OBRI PT (20-5),33,,
2MS24P020ORVE BY 05,SWVI,JFSPT ORVE BY (20-5),3,,
2MS24P020OTTE PT 05,SWVI,JFSPT OTTE PT (20-5),3525,,
2MS24P020OWEN PT 01,SWVI,JFSPT OWEN PT (20-1),411,,
2MS24P020,SWVI,JFSPT P020,1087,,
2MS24P020POSS PT 05,SWVI,JFSPT POSS PT (20-5),330,,
2MS24P020PROV CV 03,SWVI,JFSPT PROV CV (20-3),7,,
2MS24P020PR RENF 01,SWVI,JFSPT PR RENF (20-1),3544,,
2MS24P020PT N PT 04,SWVI,JFSPT PT N PT (20-4),59,,
2MS24P020SCRE IS 05,SWVI,JFSPT SCRE IS (20-5),1298,,
2MS24P020SHER PT 04,SWVI,JFSPT SHER PT (20-4),237,,
2MS24P020SN J PR 01,SWVI,JFSPT SN J PR (20-1),355,,
2MS24P020SN J PT 03,SWVI,JFSPT SN J PT (20-3),247,,
2MS24P020SOMB PT 03,SWVI,JFSPT SOMB PT (20-3),12,,
2MS24P020SONO PT,SWVI,JFSPT SONO PT (P020),4,,
2MS24P020SOOK BF 07,SWVI,JFSPT SOOK BF (20-7),435,,
2MS24P020SOOK BY 05,SWVI,JFSPT SOOK BY (20-5),16,,
2MS24P020SOOKE 07,SWVI,JFSPT SOOKE (20-7),4217,,
2MS24P020SOOK HA 06,SWVI,JFSPT SOOK HA (20-6),126,,
2MS24P020TRAP SH 05,SWVI,JFSPT TRAP SH (20-5),1100,,
2MS24P020TWENTY,SWVI,JFSPT TWENTY (P020),1606,,
2MS24P020WALB CR 01,SWVI,JFSPT WALB CR (20-1),176,,
2MS24P020WHIR BY 05,SWVI,JFSPT WHIR BY (20-5),621,,
2MS24P020WOOD NS,SWVI,JFSPT WOOD NS (P020),12,,
2MS14P020 000,SWVI,JFTR P020-000,12,,
2MS14P020 093,SWVI,JFTR P020-093,21,,
2MS14P020 104,SWVI,JFTR P020-104,2,,
2MN09H003 546,SWVI,NN H003-546,42,,
2MS01H025 526,SWVI,NWTR H025-526,395,,
2MS20H025 660,SWVI,NWVN H025-660,6,,
2FS99NWVIR1905,SWVI,R-BURMAN R,73,,
2FS99SWVIR0453,SWVI,R-KENNEDY R LOW,72,,
2FS99SWVIR0170,SWVI,R-KENNEDY R UP,3,,
2FS99SWVIR0388,SWVI,R-KOOTOWIS CR,2,,
2FS99SWVIR0413,SWVI,R-NAHMINT R,51,,
2FS99SWVIR0114,SWVI,R-NITINAT R,2045,,
2FS99SWVIR0104,SWVI,R-ROBERTSON CR,6308,,
2FS99SWVIR0093,SWVI,R-SAN JUAN R,544,,
2FS99SWVIR1388,SWVI,R-SARITA R,85,,
2FS99SWVIR0490,SWVI,R-SOOKE R,100,,
2FS99SWVIR0128,SWVI,R-THORNTON CR,2942,,
2FS99SWVIR2706,SWVI,R-TOQUART R,2,,
2FS99SWVIR2062,SWVI,R-TRANQUILLE CR,1,,
2MS02H021 000,SWVI,SWTR H021-000,11838,,
2MS02H021 048,SWVI,SWTR H021-048,203,,
2MS02H021 052,SWVI,SWTR H021-052,8440,,
2MS02H021 053,SWVI,SWTR H021-053,658,,
2MS02H021 176,SWVI,SWTR H021-176,9,,
2MS02H021 516,SWVI,SWTR H021-516,7,,
2MS02H021 518,SWVI,SWTR H021-518,361,,
2MS02H023 000,SWVI,SWTR H023-000,37695,,
2MS02H023 054,SWVI,SWTR H023-054,85,,
2MS02H023 055,SWVI,SWTR H023-055,1495,,
2MS02H023 056,SWVI,SWTR H023-056,2582,,
2MS02H023 057,SWVI,SWTR H023-057,1249,,
2MS02H023 058,SWVI,SWTR H023-058,11378,,
2MS02H023 059,SWVI,SWTR H023-059,25004,,
2MS02H023 073,SWVI,SWTR H023-073,353,,
2MS02H023 109,SWVI,SWTR H023-109,6173,,
2MS02H023 113,SWVI,SWTR H023-113,1026,,
2MS02H023 177,SWVI,SWTR H023-177,974,,
2MS02H023 178,SWVI,SWTR H023-178,1411,,
2MS02H023 179,SWVI,SWTR H023-179,19,,
2MS02H023 228,SWVI,SWTR H023-228,260,,
2MS02H023 229,SWVI,SWTR H023-229,189,,
2MS02H023 230,SWVI,SWTR H023-230,880,,
2MS02H023 231,SWVI,SWTR H023-231,93,,
2MS02H023 232,SWVI,SWTR H023-232,20,,
2MS02H023 233,SWVI,SWTR H023-233,137,,
2MS02H023 234,SWVI,SWTR H023-234,1591,,
2MS02H023 235,SWVI,SWTR H023-235,82,,
2MS02H023 236,SWVI,SWTR H023-236,355,,
2MS02H023 521,SWVI,SWTR H023-521,61,,
2MS02H023 605,SWVI,SWTR H023-605,422,,
2MS02H023 625,SWVI,SWTR H023-625,278,,
2MS02H023 733,SWVI,SWTR H023-733,2,,
2MS02H023 739,SWVI,SWTR H023-739,722,,
2MS02H023 741,SWVI,SWTR H023-741,1428,,
2MS02H023 742,SWVI,SWTR H023-742,638,,
2MS02H023 743,SWVI,SWTR H023-743,194,,
2MS02H023 744,SWVI,SWTR H023-744,56,,
2MS02H023 745,SWVI,SWTR H023-745,58,,
2MS02H023 805,SWVI,SWTR H023-805,319,,
2MS02H023 806,SWVI,SWTR H023-806,61,,
2MS02H024 000,SWVI,SWTR H024-000,15923,,
2MS02H024 060,SWVI,SWTR H024-060,1716,,
2MS02H024 061,SWVI,SWTR H024-061,1356,,
2MS02H024 062,SWVI,SWTR H024-062,7645,,
2MS02H024 063,SWVI,SWTR H024-063,401,,
2MS02H024 064,SWVI,SWTR H024-064,2199,,
2MS02H024 065,SWVI,SWTR H024-065,731,,
2MS02H024 108,SWVI,SWTR H024-108,3508,,
2MS02H024 181,SWVI,SWTR H024-181,1474,,
2MS02H024 182,SWVI,SWTR H024-182,47,,
2MS02H024 237,SWVI,SWTR H024-237,149,,
2MS02H024 238,SWVI,SWTR H024-238,196,,
2MS02H024 239,SWVI,SWTR H024-239,18,,
2MS02H024 240,SWVI,SWTR H024-240,399,,
2MS02H024 242,SWVI,SWTR H024-242,178,,
2MS02H024 243,SWVI,SWTR H024-243,64,,
2MS02H024 244,SWVI,SWTR H024-244,1538,,
2MS02H024 245,SWVI,SWTR H024-245,132,,
2MS02H024 246,SWVI,SWTR H024-246,342,,
2MS02H024 525,SWVI,SWTR H024-525,705,,
2MS02H024 602,SWVI,SWTR H024-602,841,,
2MS02H024 603,SWVI,SWTR H024-603,41,,
2MS02H024 604,SWVI,SWTR H024-604,319,,
2MS02H024 676,SWVI,SWTR H024-676,95,,
2MS02H024 749,SWVI,SWTR H024-749,34,,
2MS02H024 750,SWVI,SWTR H024-750,191,,
2MS02H024 751,SWVI,SWTR H024-751,286,,
2MS02H024 752,SWVI,SWTR H024-752,74,,
2MS02H024 753,SWVI,SWTR H024-753,9,,
2MS02H024 803,SWVI,SWTR H024-803,6,,
2MS02H024 804,SWVI,SWTR H024-804,11,,
2MS02M053 000,SWVI,SWTR M053-000,2067,,
2MS02M109 000,SWVI,SWTR M109-000,72,,
2MS02M109 383,SWVI,SWTR M109-383,256,,
2MS02M109 384,SWVI,SWTR M109-384,41,,
2MS02M111 000,SWVI,SWTR M111-000,17776,,
2MS02M111 328,SWVI,SWTR M111-328,35,,
2MS02M111 331,SWVI,SWTR M111-331,162,,
2MS02M111 332,SWVI,SWTR M111-332,143,,
2MS02M111 333,SWVI,SWTR M111-333,78,,
2MS02M111 334,SWVI,SWTR M111-334,362,,
2MS02M111 335,SWVI,SWTR M111-335,203,,
2MS02M111 336,SWVI,SWTR M111-336,1604,,
2MS02M111 337,SWVI,SWTR M111-337,131,,
2MS02M111 338,SWVI,SWTR M111-338,101,,
2MS02M111 339,SWVI,SWTR M111-339,187,,
2MS02M111 340,SWVI,SWTR M111-340,339,,
2MS02M111 342,SWVI,SWTR M111-342,1227,,
2MS02M114 000,SWVI,SWTR M114-000,30100,,
2MS02M114 344,SWVI,SWTR M114-344,2,,
2MS02M114 346,SWVI,SWTR M114-346,146,,
2MS02M114 347,SWVI,SWTR M114-347,581,,
2MS02M114 348,SWVI,SWTR M114-348,393,,
2MS02M114 349,SWVI,SWTR M114-349,214,,
2MS02M114 350,SWVI,SWTR M114-350,156,,
2MS02M114 351,SWVI,SWTR M114-351,298,,
2MS02M114 352,SWVI,SWTR M114-352,140,,
2MS02M114 353,SWVI,SWTR M114-353,43,,
2MS02M114 354,SWVI,SWTR M114-354,191,,
2MS02M114 355,SWVI,SWTR M114-355,19,,
2MS02M114 356,SWVI,SWTR M114-356,49,,
2MS02M114 357,SWVI,SWTR M114-357,271,,
2MS02M114 358,SWVI,SWTR M114-358,47,,
2MS02M114 359,SWVI,SWTR M114-359,98,,
2MS02M114 360,SWVI,SWTR M114-360,36,,
2MS02M114 361,SWVI,SWTR M114-361,39,,
2MS02M114 362,SWVI,SWTR M114-362,105,,
2MS02M114 363,SWVI,SWTR M114-363,281,,
2MS02M114 364,SWVI,SWTR M114-364,92,,
2MS02M114 675,SWVI,SWTR M114-675,16,,
2MS02M114 746,SWVI,SWTR M114-746,2003,,
2MS02M114 747,SWVI,SWTR M114-747,5,,
2MS02M114 748,SWVI,SWTR M114-748,281,,
2MS02M114 810,SWVI,SWTR M114-810,67,,
2MS02M23B 000,SWVI,SWTR M23B-000,221,,
2MS02M401 000,SWVI,SWTR M401-000,183,,
2MS02M402 000,SWVI,SWTR M402-000,3,,
2MS02P123 000,SWVI,SWTR P123-000,1311,,
2MS02P124 000,SWVI,SWTR P124-000,125,,
2MS63H023 056,SWVI,SWVN(EX23A) H023-056,18,,
2MS63H023 179,SWVI,SWVN(EX23A) H023-179,8,,
2MS63M23B 000,SWVI,SWVN(EX23A) M23B-000,13,,
2MS21H021 000,SWVI,SWVN H021-000,1537,,
2MS21H021 176,SWVI,SWVN H021-176,544,,
2MS21H021 379,SWVI,SWVN H021-379,1120,,
2MS21H021 516,SWVI,SWVN H021-516,4,,
2MS21H021 517,SWVI,SWVN H021-517,20,,
2MS21H021 518,SWVI,SWVN H021-518,4,,
2MS21H023 000,SWVI,SWVN H023-000,1097,,
2MS21H023 054,SWVI,SWVN H023-054,2925,,
2MS21H023 056,SWVI,SWVN H023-056,1948,,
2MS21H023 057,SWVI,SWVN H023-057,3,,
2MS21H023 073,SWVI,SWVN H023-073,4,,
2MS21H023 113,SWVI,SWVN H023-113,1,,
2MS21H023 179,SWVI,SWVN H023-179,30,,
2MS21H023 519,SWVI,SWVN H023-519,114,,
2MS21H023 523,SWVI,SWVN H023-523,14,,
2MS21H023 599,SWVI,SWVN H023-599,1,,
2MS21H023 625,SWVI,SWVN H023-625,255,,
2MS21H024 000,SWVI,SWVN H024-000,3,,
2MS21H024 062,SWVI,SWVN H024-062,1,,
2MS21M114 000,SWVI,SWVN M114-000,7,,
2MS21P022 000,SWVI,SWVN P022-000,27,,
2MSTSH024 000,SWVI,TAAQS H024-000,36,,
2MSTSH024 181,SWVI,TAAQS H024-181,17,,
2MSTSH024 182,SWVI,TAAQS H024-182,13,,
2MSTSH024 525,SWVI,TAAQS H024-525,49,,
2MSTSH024 602,SWVI,TAAQS H024-602,52,,
2MSTSH024 752,SWVI,TAAQS H024-752,6,,
2MSTSH024 803,SWVI,TAAQS H024-803,185,,
2MSTSH024 804,SWVI,TAAQS H024-804,57,,
2MSTSM23B 000,SWVI,TAAQS M23B-000,1,,
2MSTSM401 000,SWVI,TAAQS M401-000,2,,
2MSTSP024 000,SWVI,TAAQS P024-000,129,,
2MSTSP123 000,SWVI,TAAQS P123-000,2,,
2MSTSP124 000,SWVI,TAAQS P124-000,507,,
2MS24020 020-000,SWVI,WA SPORT IN AREA 20,1534,,
2MS27M23BADAM RK 05,SWVI,WSPT ADAM RK (23-5),9,,
2MS27M23BAGUI PT 04,SWVI,WSPT AGUI PT (23-4),45,,
2MS27P024AHOUSAT 04,SWVI,WSPT AHOUSAT (24-4),4,,
2MS27H024AHOUSAT,SWVI,WSPT AHOUSAT [H024],2,,
2MS27P124AHOUSAT,SWVI,WSPT AHOUSAT (P124),1,,
2MS27M23BALLE PT 06,SWVI,WSPT ALLE PT (23-6),5,,
2MS27M23BALLE RK 11,SWVI,WSPT ALLE RK (23-11),54,,
2MS27M23BAL R IS 06,SWVI,WSPT AL R IS (23-6),6,,
2MS27P123AMPH BK 03,SWVI,WSPT AMPH BK (123-3),334,,
2MS27M23BASSI IS 04,SWVI,WSPT ASSI IS (23-4),93,,
2MS27M23BAUST IS 08,SWVI,WSPT AUST IS (23-8),489,,
2MS27M23BBAER RK 05,SWVI,WSPT BAER RK (23-5),4,,
2MS27H23BBAMFIEL,SWVI,WSPT BAMFIEL [H23B],681,,
2MS27M23BBAMFIEL,SWVI,WSPT BAMFIEL (M23B),1465,,
2MS27P123BAMFIEL,SWVI,WSPT BAMFIEL (P123),368,,
2MS27P123BAMFIEO 02,SWVI,WSPT BAMFIEO (123-2),8,,
2MS27H23BBAMFIEU,SWVI,WSPT BAMFIEU [H23B],4,,
2MS27M23BBARK SD 08,SWVI,WSPT BARK SD (23-8),1221,,
2MS27P123BARK SD,SWVI,WSPT BARK SD (P123),315,,
2MS27P123BARK SO,SWVI,WSPT BARK SO (P123),5,,
2MS27P124BARN RK 03,SWVI,WSPT BARN RK (124-3),6,,
2MS27P124BART IS 03,SWVI,WSPT BART IS (124-3),31,,
2MS27P024BART IS,SWVI,WSPT BART IS (P024),48,,
2MS27M23BBEAR BY 04,SWVI,WSPT BEAR BY (23-4),106,,
2MS27M23BBEG IS 11,SWVI,WSPT BEG IS (23-11),73,,
2MS27P123BEG IS,SWVI,WSPT BEG IS (P123),61,,
2MS27M23BBENS IS 08,SWVI,WSPT BENS IS (23-8),3,,
2MS27M23BBERN PT 03,SWVI,WSPT BERN PT (23-3),5,,
2MS27P123BIG BK 08,SWVI,WSPT BIG BK (123-8),11746,,
2MS27P024BLUN IS 08,SWVI,WSPT BLUN IS (24-8),141,,
2MS27P124BLUN IS,SWVI,WSPT BLUN IS (P124),53,,
2MS27P121BONI PT 01,SWVI,WSPT BONI PT (121-1),13,,
2MS27M23BBORD IT 07,SWVI,WSPT BORD IT (23-7),75,,
2MS27P124BOX IS 01,SWVI,WSPT BOX IS (124-1),16,,
2MS27P124BRAB CH,SWVI,WSPT BRAB CH (P124),6,,
2MS27M23BBRAD BE 07,SWVI,WSPT BRAD BE (23-7),31,,
2MS27M23BBROK GR 08,SWVI,WSPT BROK GR (23-8),39,,
2MS27P024BROW PS 09,SWVI,WSPT BROW PS (24-9),1,,
2MS27H025BURD PU,SWVI,WSPT BURD PU [H025],1,,
2MS27P024BURG IT 06,SWVI,WSPT BURG IT (24-6),20,,
2MS27M23BCANO IS 08,SWVI,WSPT CANO IS (23-8),4,,
2MS27M23BCAPS IS 08,SWVI,WSPT CAPS IS (23-8),44,,
2MS27P021CARM PT,SWVI,WSPT CARM PT (P021),70,,
2MS27P024CATFACE 07,SWVI,WSPT CATFACE (24-7),26,,
2MS27H024CATFACE,SWVI,WSPT CATFACE [H024],2,,
2MS27P024CHETARP 06,SWVI,WSPT CHETARP (24-6),1,,
2MS27M23BCHRI BY 04,SWVI,WSPT CHRI BY (23-4),3,,
2MS27M23BCHUP PT 04,SWVI,WSPT CHUP PT (23-4),23,,
2MS27P124CLAY SD 03,SWVI,WSPT CLAY SD (124-3),7,,
2MS27P024CLAY SD,SWVI,WSPT CLAY SD (P024),3,,
2MS27P124CLEL IS 03,SWVI,WSPT CLEL IS (124-3),133,,
2MS27P024CLFF PT 04,SWVI,WSPT CLFF PT (24-4),172,,
2MS27H024CLFF PT,SWVI,WSPT CLFF PT [H024],2,,
2MS27M23BCLFT PT 04,SWVI,WSPT CLFT PT (23-4),1,,
2MS27M23BCONG IS 04,SWVI,WSPT CONG IS (23-4),27,,
2MS27P024COOM BK 06,SWVI,WSPT COOM BK (24-6),6,,
2MS27H024COW BAY,SWVI,WSPT COW BAY [H024],1,,
2MS27P124COX PT,SWVI,WSPT COX PT (P124),15,,
2MS27P123CP BEAL 01,SWVI,WSPT CP BEAL (123-1),355,,
2MS27M23BCP BEAL,SWVI,WSPT CP BEAL (M23B),346,,
2MS27H23BCP BEAO,SWVI,WSPT CP BEAO [H23B],7,,
2MS27M23BCREE IS 08,SWVI,WSPT CREE IS (23-8),608,,
2MS27P123CREE IS,SWVI,WSPT CREE IS (P123),30,,
2MS27M23BCROS PT 05,SWVI,WSPT CROS PT (23-5),4,,
2MS27M23BCROW IS 11,SWVI,WSPT CROW IS (23-11),187,,
2MS27P123CROW IS,SWVI,WSPT CROW IS (P123),22,,
2MS27M23BDANV IT 04,SWVI,WSPT DANV IT (23-4),154,,
2MS27M23BDIAN IS 07,SWVI,WSPT DIAN IS (23-7),11,,
2MS27M23BDIPL IS 05,SWVI,WSPT DIPL IS (23-5),500,,
2MS27M23BDIXO IS 04,SWVI,WSPT DIXO IS (23-4),29,,
2MS27M23BECOO PT 04,SWVI,WSPT ECOO PT (23-4),3,,
2MS27M23BEFFI IN 06,SWVI,WSPT EFFI IN (23-6),7,,
2MS27H23BEFFI IO,SWVI,WSPT EFFI IO [H23B],1,,
2MS27M23BEFFI IS 08,SWVI,WSPT EFFI IS (23-8),256,,
2MS27H23BELLI IO,SWVI,WSPT ELLI IO [H23B],4,,
2MS27M23BELLI IT 04,SWVI,WSPT ELLI IT (23-4),65,,
2MS27P024FCHA CH 06,SWVI,WSPT FCHA CH (24-6),3,,
2MS27P123FING BK 08,SWVI,WSPT FING BK (123-8),18,,
2MS27P123FIVE BK 01,SWVI,WSPT FIVE BK (123-1),116,,
2MS27M23BFLEM IS 04,SWVI,WSPT FLEM IS (23-4),389,,
2MS27P124FLOR BY 01,SWVI,WSPT FLOR BY (124-1),74,,
2MS27P123FLOR BY,SWVI,WSPT FLOR BY (P123),67,,
2MS27P024FLOR IS 04,SWVI,WSPT FLOR IS (24-4),1,,
2MS27H024FLOR IS 04,SWVI,WSPT FLOR IS [24-4],5,,
2MS27H024FLOR IS,SWVI,WSPT FLOR IS [H024],4,,
2MS27P124FLOR IS,SWVI,WSPT FLOR IS (P124),9,,
2MS27P124FLRC IT 01,SWVI,WSPT FLRC IT (124-1),31,,
2MS27H024FLRC IT,SWVI,WSPT FLRC IT [H024],18,,
2MS27P123FLRC IT,SWVI,WSPT FLRC IT (P123),32,,
2MS27P025FLYN CV 13,SWVI,WSPT FLYN CV (25-13),1,,
2MS27H025FLYN CV,SWVI,WSPT FLYN CV [H025],1,,
2MS27M23BFOLG IS 07,SWVI,WSPT FOLG IS (23-7),101,,
2MS27P123FOLG IS,SWVI,WSPT FOLG IS (P123),2,,
2MS27M23BFORB IS 11,SWVI,WSPT FORB IS (23-11),7,,
2MS27P123FRTN BK 02,SWVI,WSPT FRTN BK (123-2),59,,
2MS27M23BFRY IS 05,SWVI,WSPT FRY IS (23-5),1,,
2MS27M23BG BE RK 11,SWVI,WSPT G BE RK (23-11),381,,
2MS27P123G BE RK,SWVI,WSPT G BE RK (P123),93,,
2MS27H23BG BE RO,SWVI,WSPT G BE RO [H23B],1,,
2MS27P123GEOR FR 03,SWVI,WSPT GEOR FR (123-3),5,,
2MS27H23BGEOR FR,SWVI,WSPT GEOR FR [H23B],3,,
2MS27M23BGEOR FR,SWVI,WSPT GEOR FR (M23B),4,,
2MS27M23BGIBR IS 08,SWVI,WSPT GIBR IS (23-8),27,,
2MS27P124GOWL RK 03,SWVI,WSPT GOWL RK (124-3),56,,
2MS27P024GRIC BY 09,SWVI,WSPT GRIC BY (24-9),2,,
2MS27H027GRNT BO,SWVI,WSPT GRNT BO [H027],4,,
2MS27H021,SWVI,WSPT H021,13,,
2MS27H023,SWVI,WSPT H023,28,,
2MS27H024,SWVI,WSPT H024,112,,
2MS27H23B,SWVI,WSPT H23B,1284,,
2MS27M23BHAGG CV 03,SWVI,WSPT HAGG CV (23-3),4,,
2MS27M23BHARO IT 06,SWVI,WSPT HARO IT (23-6),3,,
2MS27M23BHEDD RF,SWVI,WSPT HEDD RF (M23B),2,,
2MS27M23BHELB IS 07,SWVI,WSPT HELB IS (23-7),7,,
2MS27P124HOBB IT,SWVI,WSPT HOBB IT (P124),4,,
2MS27M23BHOLF BY 05,SWVI,WSPT HOLF BY (23-5),33,,
2MS27M23BHOWA PT 08,SWVI,WSPT HOWA PT (23-8),63,,
2MS27P024H SP CV 02,SWVI,WSPT H SP CV (24-2),17,,
2MS27H024H SP CV,SWVI,WSPT H SP CV [H024],1,,
2MS27P123HUMP RF 03,SWVI,WSPT HUMP RF (123-3),1,,
2MS27M23BHWEL IS 08,SWVI,WSPT HWEL IS (23-8),10,,
2MS27P124HYSO BK 01,SWVI,WSPT HYSO BK (124-1),871,,
2MS27M23BIMPE CH 07,SWVI,WSPT IMPE CH (23-7),24,,
2MS27M23BJANI RF,SWVI,WSPT JANI RF (M23B),28,,
2MS27P123JENN RF 03,SWVI,WSPT JENN RF (123-3),1,,
2MS27M23BJENN RF,SWVI,WSPT JENN RF (M23B),1,,
2MS27P123KEEH BY 01,SWVI,WSPT KEEH BY (123-1),32,,
2MS27H23BKEEH BY,SWVI,WSPT KEEH BY [H23B],5,,
2MS27M23BKELP BY 04,SWVI,WSPT KELP BY (23-4),85,,
2MS27M23BKILDONA 03,SWVI,WSPT KILDONA (23-3),4,,
2MS27M23BKIRB IS 10,SWVI,WSPT KIRB IS (23-10),4,,
2MS27M23BKIRB PT 07,SWVI,WSPT KIRB PT (23-7),1010,,
2MS27M23BKNGE IS 07,SWVI,WSPT KNGE IS (23-7),203,,
2MS27P024KUTC IT 06,SWVI,WSPT KUTC IT (24-6),17,,
2MS27P024KUTC PT 06,SWVI,WSPT KUTC PT (24-6),3,,
2MS27P024LAWR IT 06,SWVI,WSPT LAWR IT (24-6),7,,
2MS27M23BLAWT PT 07,SWVI,WSPT LAWT PT (23-7),8,,
2MS27M23BLEAC IT 07,SWVI,WSPT LEAC IT (23-7),5,,
2MS27H024LENN IO,SWVI,WSPT LENN IO [H024],1,,
2MS27P124LENN IS 03,SWVI,WSPT LENN IS (124-3),69,,
2MS27P124LENN IS 08,SWVI,WSPT LENN IS (24-8),1,,
2MS27H024LENN IS,SWVI,WSPT LENN IS [H024],1,,
2MS27P124LENN IS,SWVI,WSPT LENN IS (P124),15,,
2MS27P123LIGH BK 05,SWVI,WSPT LIGH BK (123-5),1251,,
2MS27M23BLIGH BK,SWVI,WSPT LIGH BK (M23B),24,,
2MS27M23BLINK IS 05,SWVI,WSPT LINK IS (23-5),16,,
2MS27P123LITT BE 05,SWVI,WSPT LITT BE (123-5),119,,
2MS27P124LONG BE 03,SWVI,WSPT LONG BE (124-3),3495,,
2MS27M23BLOUD CH 11,SWVI,WSPT LOUD CH (23-11),2,,
2MS27P123LOUD CO 03,SWVI,WSPT LOUD CO (123-3),5,,
2MS27M23BLYAL PT 08,SWVI,WSPT LYAL PT (23-8),75,,
2MS27M23B,SWVI,WSPT M23B,2017,,
2MS27M401,SWVI,WSPT M401,280,,
2MS27M402,SWVI,WSPT M402,67,,
2MS27P024MACK BE 08,SWVI,WSPT MACK BE (24-8),5,,
2MS27M23BMAHK RK 06,SWVI,WSPT MAHK RK (23-6),9,,
2MS27P123MARA RK 03,SWVI,WSPT MARA RK (123-3),41,,
2MS27P123MARA RK 11,SWVI,WSPT MARA RK (23-11),4,,
2MS27P123MARA RK,SWVI,WSPT MARA RK (P123),18,,
2MS27H23BMARA RO,SWVI,WSPT MARA RO [H23B],1,,
2MS27M23BMARE BF 07,SWVI,WSPT MARE BF (23-7),394,,
2MS27P024MATL NA 10,SWVI,WSPT MATL NA (24-10),5,,
2MS27M23BMAYN BY 09,SWVI,WSPT MAYN BY (23-9),75,,
2MS27P123MAYN BY,SWVI,WSPT MAYN BY (P123),8,,
2MS27H024MCKA RF,SWVI,WSPT MCKA RF [H024],1,,
2MS27M23BMILL PN 07,SWVI,WSPT MILL PN (23-7),19,,
2MS27P024MONK IT 06,SWVI,WSPT MONK IT (24-6),24,,
2MS27P024MOSR PT 08,SWVI,WSPT MOSR PT (24-8),44,,
2MS27H024MOSR PT,SWVI,WSPT MOSR PT [H024],1,,
2MS27M23BMUTI PT 03,SWVI,WSPT MUTI PT (23-3),2,,
2MS27M23BNANA IT 04,SWVI,WSPT NANA IT (23-4),176,,
2MS27M23BNETT IS 08,SWVI,WSPT NETT IS (23-8),5,,
2MS27M23BNEWC CH 11,SWVI,WSPT NEWC CH (23-11),7,,
2MS27P021NITI BR,SWVI,WSPT NITI BR (P021),23,,
2MS27P022NITI BR,SWVI,WSPT NITI BR (P022),2,,
2MS27P022NITI LK,SWVI,WSPT NITI LK (P022),32,,
2MS27P021NITINAT,SWVI,WSPT NITINAT (P021),320,,
2MS27P121NITINAT,SWVI,WSPT NITINAT (P121),23,,
2MS27P022NITI RV,SWVI,WSPT NITI RV (P022),14,,
2MS27M23BOHIA IT 07,SWVI,WSPT OHIA IT (23-7),9,,
2MS27P021,SWVI,WSPT P021,117,,
2MS27P022,SWVI,WSPT P022,4,,
2MS27P024,SWVI,WSPT P024,255,,
2MS27P121,SWVI,WSPT P121,735,,
2MS27P123,SWVI,WSPT P123,6929,,
2MS27P124,SWVI,WSPT P124,1590,,
2MS27P123PACH BY 01,SWVI,WSPT PACH BY (123-1),9,,
2MS27P123PACH PT 01,SWVI,WSPT PACH PT (123-1),19,,
2MS27P121PACH PT,SWVI,WSPT PACH PT (P121),13,,
2MS27M23BPILL PT 06,SWVI,WSPT PILL PT (23-6),1261,,
2MS27M23BPINN RK 08,SWVI,WSPT PINN RK (23-8),17,,
2MS27H23BPINN RU,SWVI,WSPT PINN RU [H23B],3,,
2MS27P124PLOV RF 03,SWVI,WSPT PLOV RF (124-3),12,,
2MS27P024PLOV RF,SWVI,WSPT PLOV RF (P024),17,,
2MS27M23BPOET NO 04,SWVI,WSPT POET NO (23-4),337,,
2MS27P124PORT PT 03,SWVI,WSPT PORT PT (124-3),2205,,
2MS27M23BPRID IS 08,SWVI,WSPT PRID IS (23-8),2,,
2MS27P124QUIS PT 01,SWVI,WSPT QUIS PT (124-1),8,,
2MS27H024RAFA PO,SWVI,WSPT RAFA PO [H024],37,,
2MS27P024RAFA PT 06,SWVI,WSPT RAFA PT (24-6),35,,
2MS27H024RAFA PT 06,SWVI,WSPT RAFA PT [24-6],1,,
2MS27P124RAFA PT,SWVI,WSPT RAFA PT (P124),301,,
2MS27M23BRAIN BY 04,SWVI,WSPT RAIN BY (23-4),126,,
2MS27M23BROBB PS 05,SWVI,WSPT ROBB PS (23-5),90,,
2MS27M23BROBI IS 06,SWVI,WSPT ROBI IS (23-6),2,,
2MS27M23BROQU BY 04,SWVI,WSPT ROQU BY (23-4),21,,
2MS27M23BSAIL RK 08,SWVI,WSPT SAIL RK (23-8),343,,
2MS27P123SAIL RK,SWVI,WSPT SAIL RK (P123),43,,
2MS27H23BSAIL RO,SWVI,WSPT SAIL RO [H23B],1,,
2MS27M23BSAND IS 04,SWVI,WSPT SAND IS (23-4),355,,
2MS27M23BSARG BK 11,SWVI,WSPT SARG BK (23-11),4,,
2MS27M23BSARI BY 04,SWVI,WSPT SARI BY (23-4),48,,
2MS27M23BSATE PS 07,SWVI,WSPT SATE PS (23-7),34,,
2MS27P124SCHO CV,SWVI,WSPT SCHO CV (P124),4,,
2MS27P123SEAB RK 01,SWVI,WSPT SEAB RK (123-1),15,,
2MS27P123SEAB RK,SWVI,WSPT SEAB RK (P123),10,,
2MS27H23BSEAB RO,SWVI,WSPT SEAB RO [H23B],2,,
2MS27M23BSECH CH 08,SWVI,WSPT SECH CH (23-8),30,,
2MS27P123SEVE BK 02,SWVI,WSPT SEVE BK (123-2),541,,
2MS27M23BSHIP IS 07,SWVI,WSPT SHIP IS (23-7),6,,
2MS27M23BSN M BY 03,SWVI,WSPT SN M BY (23-3),94,,
2MS27P123SOQU BK 01,SWVI,WSPT SOQU BK (123-1),6,,
2MS27P123SOUT BK 05,SWVI,WSPT SOUT BK (123-5),5829,,
2MS27M23BSPRO BY 04,SWVI,WSPT SPRO BY (23-4),11,,
2MS27M23BSTAR PT 03,SWVI,WSPT STAR PT (23-3),1,,
2MS27P123STAR RF 03,SWVI,WSPT STAR RF (123-3),14,,
2MS27H23BSTAR RO,SWVI,WSPT STAR RO [H23B],1,,
2MS27H23BSTUD IT,SWVI,WSPT STUD IT [H23B],1,,
2MS27M23BSWAL RK 07,SWVI,WSPT SWAL RK (23-7),1171,,
2MS27H23BSWAL RO,SWVI,WSPT SWAL RO [H23B],2,,
2MS27P123SWES BK 08,SWVI,WSPT SWES BK (123-8),73,,
2MS27P121SWIF BK 02,SWVI,WSPT SWIF BK (121-2),4167,,
2MS27M23BSWIS IS 05,SWVI,WSPT SWIS IS (23-5),10,,
2MS27P024SYDN IN 03,SWVI,WSPT SYDN IN (24-3),49,,
2MS27M23BTAPA BY 07,SWVI,WSPT TAPA BY (23-7),4,,
2MS27M23BTHE WLL 04,SWVI,WSPT THE WLL (23-4),547,,
2MS27P123THTN BK 02,SWVI,WSPT THTN BK (123-2),6,,
2MS27P124TIBB IT,SWVI,WSPT TIBB IT (P124),39,,
2MS27H024TOFINO,SWVI,WSPT TOFINO [H024],248,,
2MS27P124TOFINOO 03,SWVI,WSPT TOFINOO (124-3),40,,
2MS27P024TOFINO,SWVI,WSPT TOFINO (P024),361,,
2MS27H024TOFINOU,SWVI,WSPT TOFINOU [H024],1,,
2MS27P024TONQ IS 08,SWVI,WSPT TONQ IS (24-8),41,,
2MS27M23BTOQU BY 03,SWVI,WSPT TOQU BY (23-3),53,,
2MS27M23BTREV CH 04,SWVI,WSPT TREV CH (23-4),12,,
2MS27P024TSAP NA 11,SWVI,WSPT TSAP NA (24-11),3,,
2MS27P123TURT HD 03,SWVI,WSPT TURT HD (123-3),152,,
2MS27P121TURT HD,SWVI,WSPT TURT HD (P121),5,,
2MS27P124TURT HD,SWVI,WSPT TURT HD (P124),4,,
2MS27H024TWFOUR,SWVI,WSPT TWFOUR [H024],18,,
2MS27P024TWFOURI,SWVI,WSPT TWFOURI (P024),15,,
2MS27H024TWFOURO,SWVI,WSPT TWFOURO [H024],75,,
2MS27P123TWLV BK 02,SWVI,WSPT TWLV BK (123-2),198,,
2MS27H021TWONEI,SWVI,WSPT TWONEI [H021],4,,
2MS27P121TWONEO,SWVI,WSPT TWONEO (P121),21,,
2MS27P123TWTH BK 08,SWVI,WSPT TWTH BK (123-8),139,,
2MS27H23BTWTHREE,SWVI,WSPT TWTHREE [H23B],476,,
2MS27M23BTWTHREI,SWVI,WSPT TWTHREI (M23B),283,,
2MS27P123TWTHREO,SWVI,WSPT TWTHREO (P123),758,,
2MS27M23BTZAR IS 04,SWVI,WSPT TZAR IS (23-4),18,,
2MS27H23BUCLUELE,SWVI,WSPT UCLUELE [H23B],479,,
2MS27M23BUCLUELE,SWVI,WSPT UCLUELE (M23B),270,,
2MS27P123UCLUELE,SWVI,WSPT UCLUELE (P123),1300,,
2MS27P124UCLUELE,SWVI,WSPT UCLUELE (P124),83,,
2MS27H23BUCLUELO,SWVI,WSPT UCLUELO [H23B],45,,
2MS27H23BUCLUELU,SWVI,WSPT UCLUELU [H23B],72,,
2MS27P024VARG IS 08,SWVI,WSPT VARG IS (24-8),6,,
2MS27M23BVERN BY 06,SWVI,WSPT VERN BY (23-6),110,,
2MS27M23BVILL RF 08,SWVI,WSPT VILL RF (23-8),1,,
2MS27H23BVOSS PT 07,SWVI,WSPT VOSS PT [23-7],1,,
2MS27M23BWELD IS 05,SWVI,WSPT WELD IS (23-5),8,,
2MS27P124WICK BY 03,SWVI,WSPT WICK BY (124-3),4,,
2MS27P124WICK IS,SWVI,WSPT WICK IS (P124),2,,
2MS27P124WILF RK 03,SWVI,WSPT WILF RK (124-3),182,,
2MS27P024WILF RK,SWVI,WSPT WILF RK (P024),127,,
2MS27M23BWITT PT 07,SWVI,WSPT WITT PT (23-7),160,,
2MS27P123WREC BY 05,SWVI,WSPT WREC BY (123-5),2,,
2MS27P123WYA PT 05,SWVI,WSPT WYA PT (123-5),595,,
2MS27P124WYA PT,SWVI,WSPT WYA PT (P124),22,,
2MS27M23BYANK BY 04,SWVI,WSPT YANK BY (23-4),23,,
3M* CANADAR18,WCVIG,BC-BARKLEY LANDED WA,84,,
2M BMM112,WCVIG,BC MARINE M112,2,,
2M BMM118 000,WCVIG,BC MARINE M118-000,1,,
2M BMP125,WCVIG,BC MARINE P125,4,,
2M BMP123LAPE BK,WCVIG,BC MARLAPE BK (P123),1,,
5M*2215 O15 19,WCVIG,BC OFF VANCOUVER IS,6,,
2F 290FW GOLD RI,WCVIG,FWSPT GOLD RI [FW],38,,
2MS16M149 000,WCVIG,NW&SW&WOTR M149-000,1397,,
2MS01H025 066,WCVIG,NWTR H025-066,1886,,
2MS01H025 183,WCVIG,NWTR H025-183,162,,
2MS01H025 755,WCVIG,NWTR H025-755,22,,
2MS01H025 756,WCVIG,NWTR H025-756,108,,
2MS01H025 798,WCVIG,NWTR H025-798,30,,
2MS01H026 068,WCVIG,NWTR H026-068,2242,,
2MS01P125 000,WCVIG,NWTR P125-000,88,,
2MS17M112 000,WCVIG,NWTR & SWTR M112-000,376,,
2MS17M113 000,WCVIG,NWTR & SWTR M113-000,121,,
2MS17M115 000,WCVIG,NWTR & SWTR M115-000,1274,,
2MS17M115 365,WCVIG,NWTR & SWTR M115-365,64,,
2MS17M116 000,WCVIG,NWTR & SWTR M116-000,803,,
2MS17M116 367,WCVIG,NWTR & SWTR M116-367,144,,
2MS17M117 000,WCVIG,NWTR & SWTR M117-000,572,,
2MS17M117 368,WCVIG,NWTR & SWTR M117-368,324,,
2MS17M118 000,WCVIG,NWTR & SWTR M118-000,504,,
2MS17M118 369,WCVIG,NWTR & SWTR M118-369,39,,
2MS17M118 370,WCVIG,NWTR & SWTR M118-370,31,,
2MS17M118 371,WCVIG,NWTR & SWTR M118-371,45,,
2MS17M118 372,WCVIG,NWTR & SWTR M118-372,4,,
2MS17M119 000,WCVIG,NWTR & SWTR M119-000,101,,
2MS17M119 373,WCVIG,NWTR & SWTR M119-373,123,,
2MS20H025 066,WCVIG,NWVN H025-066,2,,
2MS20H025 183,WCVIG,NWVN H025-183,965,,
2MS20H025 651,WCVIG,NWVN H025-651,16,,
2MS20H025 654,WCVIG,NWVN H025-654,9,,
2MS20H026 068,WCVIG,NWVN H026-068,1,,
5M22209 O9 33,WCVIG,PACIFIC-49 00'N 155W,19,,
5M22210 O10 33,WCVIG,PACIFIC-50 00'N 155W,19,,
5M22211 O11 33,WCVIG,PACIFIC-51 00'N 155W,3,,
2FS99SWVIR0347,WCVIG,R-DEMAMIEL CR,93,,
2MS02H023 524,WCVIG,SWTR H023-524,28,,
2MS02M114 674,WCVIG,SWTR M114-674,526,,
2MSTNH025 798,WCVIG,TAAQN H025-798,324,,
2MSTNP125 000,WCVIG,TAAQN P125-000,608,,
2MS27P025ANDE PT 03,WCVIG,WSPT ANDE PT (25-3),5,,
2MS27H025ANDE PT,WCVIG,WSPT ANDE PT [H025],1,,
2MS27P025ATRE PT 03,WCVIG,WSPT ATRE PT (25-3),11,,
2MS27P125BEAN CR 01,WCVIG,WSPT BEAN CR (125-1),427,,
2MS27H025BEAN CR,WCVIG,WSPT BEAN CR [H025],3,,
2MS27H025BURD PO,WCVIG,WSPT BURD PO [H025],2,,
2MS27P025BURD PT 07,WCVIG,WSPT BURD PT (25-7),191,,
2MS27H025BURD PT,WCVIG,WSPT BURD PT [H025],3,,
2MS27P125BURD PT,WCVIG,WSPT BURD PT (P125),24,,
2MS27P025ESCA IS 07,WCVIG,WSPT ESCA IS (25-7),2,,
2MS27H025ESCA IS,WCVIG,WSPT ESCA IS [H025],1,,
2MS27P125ESCA IS,WCVIG,WSPT ESCA IS (P125),32,,
2MS27P025FRIE CV 07,WCVIG,WSPT FRIE CV (25-7),594,,
2MS27P125FRIE CV,WCVIG,WSPT FRIE CV (P125),130,,
2MS27P025GOLD RV 01,WCVIG,WSPT GOLD RV (25-1),125,,
2MS27P123LAPE BK,WCVIG,WSPT LAPE BK (P123),989,,
2MS27P125MAQU PT 01,WCVIG,WSPT MAQU PT (125-1),122,,
2MS27P025MAQU PT,WCVIG,WSPT MAQU PT (P025),200,,
2MS27P025MOOY BY 03,WCVIG,WSPT MOOY BY (25-3),22,,
2MS27P025MUCHALA 02,WCVIG,WSPT MUCHALA (25-2),16,,
2MS27P025NOOT LT 07,WCVIG,WSPT NOOT LT (25-7),350,,
2MS27H025NOOT LT 07,WCVIG,WSPT NOOT LT [25-7],1,,
2MS27H025NOOT LT,WCVIG,WSPT NOOT LT [H025],17,,
2MS27P125NOOT LT,WCVIG,WSPT NOOT LT (P125),28,,
2MS27P025NOOT SD 07,WCVIG,WSPT NOOT SD (25-7),166,,
2MS27H025NOOT SD 07,WCVIG,WSPT NOOT SD [25-7],1,,
2MS27P025NOOT SD,WCVIG,WSPT NOOT SD (P025),28,,
2MS27H025NOOT SO,WCVIG,WSPT NOOT SO [H025],6,,
2MS27P025NOOT SO,WCVIG,WSPT NOOT SO (P025),676,,
2MS27H025NOOT SU,WCVIG,WSPT NOOT SU [H025],4,,
2MS27P125,WCVIG,WSPT P125,2429,,
2MS27P025SN R IS 07,WCVIG,WSPT SN R IS (25-7),3,,
2MS27H025TWFIVE,WCVIG,WSPT TWFIVE [H025],44,,
2MS27H025TWFIVEO,WCVIG,WSPT TWFIVEO [H025],245,,
2MS27P025WASH RK 07,WCVIG,WSPT WASH RK (25-7),157,,
2MS27P025YUQU PT 07,WCVIG,WSPT YUQU PT (25-7),21,,